,,%Previsao,vtmp:925,vtmp:850,vtmp:500,temp:850,temp:500,temp:250,pslc:000,umes:925,umes:850,umes:500,zgeo:850,zgeo:500,zgeo:250,uvel:850,uvel:500,uvel:250,vvel:850,vvel:500,vvel:250
VIESDTC_20230216002023030300T.scan,0,0,0.0,0.0,0.0,0.0,0.0,0.0,0.0,0.0,0.0,0.0,0.0,0.0,0.0,0.0,0.0,0.0,0.0,0.0,0.0
VIESDTC_20230216002023030300T.scan,1,24,0.032,-0.033,-0.218,-0.025,-0.226,-0.139,-0.396,0.0,-0.0,0.0,-4.298,-7.572,-13.38,-0.27,0.033,0.582,-0.22,0.123,0.413
VIESDTC_20230216002023030300T.scan,2,48,-0.074,-0.171,-0.301,-0.164,-0.311,-0.178,0.424,0.0,-0.0,0.0,2.652,-2.423,-9.343,-0.364,0.1,0.817,-0.047,0.055,0.836
VIESDTC_20230216002023030300T.scan,3,72,-0.322,-0.409,-0.31,-0.415,-0.321,-0.225,1.492,0.0,0.0,0.0,11.065,4.732,-3.012,-0.62,-0.165,0.873,-0.058,0.001,0.517
VIESDTC_20230216002023030300T.scan,4,96,-0.497,-0.614,-0.366,-0.633,-0.384,-0.213,2.291,0.0,0.0,0.0,17.29,9.683,1.695,-1.038,-0.563,0.697,-0.146,0.111,0.184
VIESDTC_20230216002023030300T.scan,5,120,-0.454,-0.531,-0.398,-0.561,-0.415,-0.282,2.561,0.0,0.0,0.0,19.831,12.222,3.042,-1.383,-0.945,0.855,-0.156,0.314,0.027
VIESDTC_20230216002023030300T.scan,6,144,-0.372,-0.421,-0.358,-0.452,-0.372,-0.33,2.132,0.0,0.0,0.0,16.377,9.614,0.514,-1.034,-0.981,1.088,-0.185,0.538,0.278
VIESDTC_20230216002023030300T.scan,7,168,-0.481,-0.536,-0.343,-0.56,-0.353,-0.3,1.953,0.0,0.0,0.0,14.386,7.331,-1.739,-0.804,-0.949,1.022,-0.129,0.528,0.306
VIESDTC_20230216002023030300T.scan,8,192,-0.535,-0.612,-0.381,-0.63,-0.388,-0.228,1.597,0.0,0.0,0.0,10.942,3.83,-5.517,-0.772,-1.025,1.174,-0.251,0.367,0.169
VIESDTC_20230216002023030300T.scan,9,216,-0.579,-0.679,-0.525,-0.697,-0.525,-0.205,1.546,0.0,0.0,0.0,10.385,1.453,-9.113,-0.677,-0.885,1.51,-0.482,-0.103,-0.383
VIESDTC_20230216002023030300T.scan,10,240,-0.692,-0.895,-0.666,-0.913,-0.658,-0.238,1.829,0.0,0.0,-0.0,12.426,0.557,-12.184,-0.553,-0.684,1.882,-0.289,0.055,0.013
VIESDTC_20230216002023030300T.scan,11,264,-0.893,-1.088,-0.815,-1.099,-0.798,-0.278,1.657,-0.0,0.0,-0.0,10.168,-4.266,-20.181,-0.333,-0.342,2.251,-0.247,0.017,-0.101
RMSEDTC_20230216002023030300T.scan,0,0,0.0,0.0,0.0,0.0,0.0,0.0,0.0,0.0,0.0,0.0,0.0,0.0,0.0,0.0,0.0,0.0,0.0,0.0,0.0
RMSEDTC_20230216002023030300T.scan,1,24,1.516,1.415,0.82,1.429,0.83,0.962,3.044,0.001,0.001,0.0,30.126,32.303,36.511,2.318,2.526,3.962,2.09,2.469,4.14
RMSEDTC_20230216002023030300T.scan,2,48,2.021,1.995,1.152,2.012,1.166,1.23,3.463,0.001,0.001,0.001,32.328,34.269,40.034,3.276,3.4,5.703,3.1,3.23,6.048
RMSEDTC_20230216002023030300T.scan,3,72,2.21,2.191,1.409,2.222,1.416,1.435,4.002,0.002,0.002,0.001,35.598,38.684,46.941,3.866,4.137,6.749,3.544,3.953,7.639
RMSEDTC_20230216002023030300T.scan,4,96,2.53,2.512,1.738,2.524,1.745,1.583,4.642,0.002,0.002,0.001,39.933,44.828,58.69,4.118,5.092,8.098,4.061,4.805,9.363
RMSEDTC_20230216002023030300T.scan,5,120,2.731,2.701,1.962,2.694,1.959,1.739,5.141,0.002,0.002,0.001,43.673,51.081,70.514,4.588,5.725,9.755,4.284,5.559,11.13
RMSEDTC_20230216002023030300T.scan,6,144,3.069,3.062,2.215,3.024,2.207,1.958,5.313,0.002,0.002,0.001,45.018,55.136,78.638,4.776,6.235,10.594,4.661,6.147,12.474
RMSEDTC_20230216002023030300T.scan,7,168,3.255,3.275,2.346,3.229,2.333,2.056,5.483,0.002,0.002,0.001,45.232,56.286,83.022,4.951,6.25,11.15,4.945,6.507,12.964
RMSEDTC_20230216002023030300T.scan,8,192,3.346,3.42,2.51,3.35,2.5,2.049,5.577,0.002,0.002,0.001,46.02,59.611,88.19,5.166,6.716,12.081,5.132,7.149,13.822
RMSEDTC_20230216002023030300T.scan,9,216,3.504,3.692,2.742,3.613,2.719,2.139,5.936,0.002,0.002,0.001,49.62,68.51,100.628,5.166,7.224,12.893,5.377,7.231,13.424
RMSEDTC_20230216002023030300T.scan,10,240,3.595,3.844,2.877,3.755,2.843,2.182,6.004,0.003,0.003,0.001,50.58,71.599,105.24,5.183,7.679,13.799,5.512,7.355,14.285
RMSEDTC_20230216002023030300T.scan,11,264,3.864,4.169,2.879,4.087,2.854,2.226,5.985,0.003,0.003,0.001,49.964,71.966,103.942,5.374,7.709,13.978,5.586,7.38,13.642
ACORDTC_20230216002023030300T.scan,0,0,1.0,1.0,1.0,1.0,1.0,1.0,1.0,1.0,1.0,1.0,1.0,1.0,1.0,1.0,1.0,1.0,1.0,1.0,1.0
ACORDTC_20230216002023030300T.scan,1,24,0.976,0.975,0.987,0.97,0.986,0.971,0.999,0.979,0.982,0.959,0.826,0.956,0.985,0.951,0.974,0.967,0.907,0.898,0.935
ACORDTC_20230216002023030300T.scan,2,48,0.958,0.953,0.975,0.945,0.973,0.952,0.999,0.938,0.941,0.877,0.805,0.95,0.981,0.91,0.953,0.934,0.783,0.804,0.843
ACORDTC_20230216002023030300T.scan,3,72,0.95,0.945,0.959,0.935,0.956,0.937,0.999,0.91,0.91,0.811,0.782,0.941,0.973,0.88,0.932,0.904,0.707,0.705,0.749
ACORDTC_20230216002023030300T.scan,4,96,0.934,0.926,0.935,0.914,0.932,0.919,0.998,0.883,0.878,0.766,0.751,0.925,0.958,0.87,0.908,0.865,0.598,0.522,0.589
ACORDTC_20230216002023030300T.scan,5,120,0.923,0.912,0.917,0.9,0.913,0.9,0.998,0.85,0.849,0.731,0.712,0.908,0.94,0.843,0.888,0.808,0.529,0.373,0.365
ACORDTC_20230216002023030300T.scan,6,144,0.901,0.88,0.891,0.866,0.887,0.878,0.998,0.829,0.826,0.709,0.681,0.894,0.927,0.816,0.869,0.773,0.451,0.272,0.224
ACORDTC_20230216002023030300T.scan,7,168,0.89,0.864,0.878,0.85,0.873,0.863,0.997,0.818,0.813,0.674,0.666,0.885,0.917,0.798,0.87,0.744,0.387,0.206,0.169
ACORDTC_20230216002023030300T.scan,8,192,0.884,0.855,0.862,0.841,0.857,0.873,0.997,0.809,0.807,0.661,0.634,0.872,0.908,0.779,0.853,0.709,0.365,0.112,0.063
ACORDTC_20230216002023030300T.scan,9,216,0.875,0.83,0.844,0.814,0.839,0.86,0.997,0.793,0.803,0.629,0.57,0.842,0.887,0.779,0.834,0.686,0.312,0.115,0.12
ACORDTC_20230216002023030300T.scan,10,240,0.869,0.821,0.825,0.806,0.822,0.842,0.997,0.772,0.785,0.589,0.598,0.841,0.876,0.771,0.819,0.664,0.302,0.062,0.056
ACORDTC_20230216002023030300T.scan,11,264,0.854,0.801,0.84,0.783,0.835,0.834,0.997,0.771,0.779,0.584,0.606,0.846,0.891,0.764,0.814,0.662,0.249,0.034,0.157
VIESBAMH_20230216002023030300T.scan,0,0,0.0,0.0,0.0,0.0,0.0,0.0,0.0,0.0,0.0,0.0,0.0,0.0,0.0,0.0,0.0,0.0,0.0,0.0,0.0
VIESBAMH_20230216002023030300T.scan,1,24,-0.12,-0.17,-0.055,-0.146,-0.068,-0.007,-0.367,-0.0,-0.0,0.0,-4.688,-7.474,-9.17,-0.069,0.008,0.415,-0.127,0.021,0.311
VIESBAMH_20230216002023030300T.scan,2,48,-0.276,-0.369,-0.097,-0.343,-0.112,-0.053,0.541,-0.0,-0.0,0.0,2.85,-1.774,-4.597,0.058,-0.044,0.72,-0.038,0.042,0.579
VIESBAMH_20230216002023030300T.scan,3,72,-0.442,-0.548,-0.175,-0.532,-0.195,-0.13,1.502,0.0,-0.0,0.0,10.709,4.725,0.498,-0.268,-0.34,0.748,-0.109,-0.165,0.174
VIESBAMH_20230216002023030300T.scan,4,96,-0.591,-0.709,-0.24,-0.7,-0.263,-0.148,2.398,0.0,-0.0,0.0,18.011,10.874,5.839,-0.732,-0.771,0.44,-0.134,-0.421,-0.204
VIESBAMH_20230216002023030300T.scan,5,120,-0.571,-0.705,-0.341,-0.708,-0.366,-0.231,2.691,0.0,0.0,0.0,20.567,12.469,5.291,-1.148,-1.055,0.316,0.05,-0.185,-0.379
VIESBAMH_20230216002023030300T.scan,6,144,-0.479,-0.601,-0.407,-0.605,-0.434,-0.311,2.448,0.0,0.0,0.0,18.74,10.937,2.482,-0.962,-0.956,0.517,-0.159,0.143,0.006
VIESBAMH_20230216002023030300T.scan,7,168,-0.661,-0.764,-0.469,-0.753,-0.491,-0.267,2.17,0.0,-0.0,0.0,15.657,6.527,-2.213,-0.76,-0.982,0.527,-0.216,0.377,0.119
VIESBAMH_20230216002023030300T.scan,8,192,-0.842,-0.987,-0.511,-0.973,-0.53,-0.244,1.773,0.0,-0.0,0.0,11.139,0.51,-8.503,-0.753,-1.026,0.668,-0.076,0.502,0.382
VIESBAMH_20230216002023030300T.scan,9,216,-0.961,-1.129,-0.559,-1.116,-0.575,-0.264,2.021,0.0,-0.0,0.0,12.746,0.709,-8.423,-0.74,-1.021,0.882,-0.316,0.458,0.681
VIESBAMH_20230216002023030300T.scan,10,240,-0.833,-1.023,-0.519,-1.029,-0.536,-0.244,1.985,0.0,0.0,0.0,13.145,1.851,-7.143,-0.532,-0.887,1.066,-0.433,0.354,0.679
VIESBAMH_20230216002023030300T.scan,11,264,-0.84,-1.051,-0.547,-1.067,-0.561,-0.179,1.418,0.0,0.0,0.0,8.27,-3.724,-12.948,-0.307,-0.553,1.78,-0.414,0.233,0.629
RMSEBAMH_20230216002023030300T.scan,0,0,0.0,0.0,0.0,0.0,0.0,0.0,0.0,0.0,0.0,0.0,0.0,0.0,0.0,0.0,0.0,0.0,0.0,0.0,0.0
RMSEBAMH_20230216002023030300T.scan,1,24,1.811,1.694,1.073,1.71,1.084,1.115,3.25,0.001,0.001,0.001,31.923,35.544,40.379,3.08,3.245,5.133,2.759,3.108,5.653
RMSEBAMH_20230216002023030300T.scan,2,48,2.312,2.247,1.359,2.272,1.373,1.369,3.666,0.002,0.002,0.001,33.947,37.332,43.905,3.742,3.994,6.732,3.596,3.808,7.048
RMSEBAMH_20230216002023030300T.scan,3,72,2.513,2.473,1.636,2.508,1.649,1.542,4.148,0.002,0.002,0.001,36.655,42.051,52.374,4.361,4.78,7.741,3.982,4.624,8.511
RMSEBAMH_20230216002023030300T.scan,4,96,2.789,2.768,1.97,2.78,1.973,1.655,4.724,0.002,0.002,0.001,40.388,47.408,62.356,4.42,5.423,8.841,4.338,5.301,9.83
RMSEBAMH_20230216002023030300T.scan,5,120,2.965,2.926,2.146,2.92,2.142,1.747,5.247,0.002,0.002,0.001,43.791,51.622,69.211,4.682,5.979,9.855,4.549,5.935,11.477
RMSEBAMH_20230216002023030300T.scan,6,144,3.166,3.178,2.2,3.154,2.196,1.863,5.339,0.002,0.002,0.001,44.44,53.609,72.478,4.912,6.292,10.604,4.754,6.028,11.887
RMSEBAMH_20230216002023030300T.scan,7,168,3.374,3.357,2.329,3.329,2.326,1.953,5.65,0.002,0.002,0.001,46.454,56.844,78.204,5.229,6.823,11.284,5.105,6.795,12.921
RMSEBAMH_20230216002023030300T.scan,8,192,3.686,3.738,2.54,3.689,2.532,2.007,6.432,0.002,0.002,0.001,51.726,64.598,86.823,5.737,7.208,12.204,5.856,7.563,13.647
RMSEBAMH_20230216002023030300T.scan,9,216,3.672,3.881,2.776,3.83,2.76,2.038,6.738,0.002,0.002,0.001,55.927,74.998,99.832,5.589,7.718,13.184,5.731,7.851,14.087
RMSEBAMH_20230216002023030300T.scan,10,240,3.854,4.124,3.017,4.039,2.993,2.1,6.534,0.003,0.003,0.001,55.597,79.307,110.716,5.715,8.052,14.192,5.47,7.622,14.771
RMSEBAMH_20230216002023030300T.scan,11,264,3.937,4.133,3.01,4.051,2.989,2.221,6.039,0.003,0.003,0.001,51.603,76.447,107.873,5.966,8.271,14.532,5.37,7.596,14.583
ACORBAMH_20230216002023030300T.scan,0,0,1.0,1.0,1.0,1.0,1.0,1.0,1.0,1.0,1.0,1.0,1.0,1.0,1.0,1.0,1.0,1.0,1.0,1.0,1.0
ACORBAMH_20230216002023030300T.scan,1,24,0.964,0.962,0.98,0.955,0.979,0.957,0.999,0.958,0.964,0.909,0.811,0.95,0.981,0.916,0.956,0.947,0.852,0.864,0.89
ACORBAMH_20230216002023030300T.scan,2,48,0.946,0.941,0.968,0.929,0.965,0.94,0.999,0.911,0.915,0.816,0.789,0.944,0.977,0.883,0.938,0.911,0.736,0.775,0.815
ACORBAMH_20230216002023030300T.scan,3,72,0.936,0.93,0.955,0.915,0.952,0.924,0.999,0.884,0.888,0.764,0.771,0.934,0.969,0.85,0.915,0.878,0.665,0.639,0.714
ACORBAMH_20230216002023030300T.scan,4,96,0.919,0.908,0.93,0.892,0.927,0.907,0.998,0.861,0.858,0.727,0.747,0.92,0.956,0.847,0.896,0.845,0.562,0.483,0.587
ACORBAMH_20230216002023030300T.scan,5,120,0.907,0.895,0.911,0.879,0.908,0.897,0.998,0.835,0.828,0.699,0.718,0.911,0.946,0.831,0.876,0.806,0.511,0.36,0.398
ACORBAMH_20230216002023030300T.scan,6,144,0.893,0.871,0.908,0.853,0.904,0.885,0.998,0.814,0.808,0.672,0.704,0.902,0.942,0.808,0.867,0.778,0.459,0.361,0.326
ACORBAMH_20230216002023030300T.scan,7,168,0.881,0.86,0.892,0.841,0.887,0.877,0.997,0.809,0.799,0.65,0.658,0.884,0.928,0.769,0.843,0.743,0.405,0.22,0.206
ACORBAMH_20230216002023030300T.scan,8,192,0.863,0.835,0.87,0.815,0.865,0.878,0.996,0.796,0.791,0.611,0.565,0.861,0.912,0.735,0.837,0.709,0.281,0.082,0.13
ACORBAMH_20230216002023030300T.scan,9,216,0.87,0.835,0.851,0.815,0.847,0.875,0.996,0.787,0.79,0.607,0.515,0.839,0.896,0.749,0.827,0.694,0.3,0.032,0.078
ACORBAMH_20230216002023030300T.scan,10,240,0.848,0.799,0.817,0.779,0.812,0.857,0.997,0.761,0.752,0.584,0.542,0.822,0.871,0.743,0.811,0.641,0.345,0.075,0.007
ACORBAMH_20230216002023030300T.scan,11,264,0.838,0.786,0.812,0.766,0.806,0.845,0.997,0.753,0.733,0.577,0.575,0.823,0.87,0.712,0.794,0.629,0.31,0.008,0.018
VIESBAMH0_20230216002023030300T.scan,0,0,0.0,0.0,0.0,0.0,0.0,0.0,0.0,0.0,0.0,0.0,0.0,0.0,0.0,0.0,0.0,0.0,0.0,0.0,0.0
VIESBAMH0_20230216002023030300T.scan,1,24,-0.576,-0.405,-0.18,-0.4,-0.191,-0.022,-0.24,0.0,-0.0,0.0,-5.177,-8.506,-11.903,-0.362,-0.063,0.716,-0.291,0.105,0.357
VIESBAMH0_20230216002023030300T.scan,2,48,-0.9,-0.745,-0.196,-0.751,-0.207,-0.017,0.782,0.0,0.0,0.0,2.691,-2.95,-6.291,-0.324,-0.018,0.874,-0.077,-0.033,0.468
VIESBAMH0_20230216002023030300T.scan,3,72,-1.111,-0.974,-0.188,-0.992,-0.201,-0.03,1.785,0.0,0.0,0.0,10.621,3.758,0.015,-0.615,-0.355,1.061,-0.146,-0.08,0.188
VIESBAMH0_20230216002023030300T.scan,4,96,-1.218,-1.089,-0.267,-1.119,-0.286,-0.037,2.584,0.0,0.0,0.0,17.152,9.414,4.681,-1.037,-0.746,0.904,-0.224,0.008,-0.031
VIESBAMH0_20230216002023030300T.scan,5,120,-1.174,-1.016,-0.275,-1.056,-0.299,-0.124,2.66,0.0,0.0,0.0,17.958,10.493,4.714,-1.337,-1.111,0.985,-0.256,0.195,-0.125
VIESBAMH0_20230216002023030300T.scan,6,144,-1.145,-0.995,-0.292,-1.033,-0.315,-0.144,2.283,0.0,0.0,0.0,14.702,7.455,1.142,-1.138,-1.049,1.448,-0.344,0.305,0.145
VIESBAMH0_20230216002023030300T.scan,7,168,-1.26,-1.093,-0.322,-1.13,-0.343,-0.162,2.146,0.0,0.0,0.0,13.046,5.29,-1.377,-1.047,-1.074,1.559,-0.418,0.354,0.281
VIESBAMH0_20230216002023030300T.scan,8,192,-1.312,-1.19,-0.343,-1.229,-0.36,-0.176,1.842,0.0,0.0,0.0,9.947,1.803,-5.412,-0.992,-1.161,1.604,-0.313,0.353,0.403
VIESBAMH0_20230216002023030300T.scan,9,216,-1.486,-1.383,-0.428,-1.419,-0.442,-0.184,1.883,0.0,0.0,0.0,9.533,-0.172,-8.02,-0.936,-1.074,1.857,-0.346,0.205,0.276
VIESBAMH0_20230216002023030300T.scan,10,240,-1.506,-1.436,-0.398,-1.482,-0.406,-0.189,1.805,0.0,0.0,0.0,8.832,-1.37,-9.575,-0.806,-0.921,2.216,-0.514,0.125,0.231
VIESBAMH0_20230216002023030300T.scan,11,264,-1.495,-1.499,-0.471,-1.555,-0.474,-0.15,1.46,0.0,0.0,0.0,5.914,-5.459,-15.128,-0.594,-0.632,2.741,-0.438,0.04,0.205
RMSEBAMH0_20230216002023030300T.scan,0,0,0.0,0.0,0.0,0.0,0.0,0.0,0.0,0.0,0.0,0.0,0.0,0.0,0.0,0.0,0.0,0.0,0.0,0.0,0.0
RMSEBAMH0_20230216002023030300T.scan,1,24,1.399,1.235,0.752,1.276,0.767,0.91,2.943,0.001,0.001,0.0,29.654,31.415,35.036,2.345,2.357,3.769,2.071,2.15,3.878
RMSEBAMH0_20230216002023030300T.scan,2,48,2.031,1.87,1.033,1.906,1.043,1.145,3.455,0.002,0.001,0.001,31.741,33.031,38.068,3.349,3.229,5.387,3.06,2.945,5.494
RMSEBAMH0_20230216002023030300T.scan,3,72,2.307,2.153,1.319,2.206,1.325,1.369,4.015,0.002,0.002,0.001,34.71,37.33,45.969,3.898,3.996,6.525,3.444,3.728,7.168
RMSEBAMH0_20230216002023030300T.scan,4,96,2.633,2.478,1.683,2.517,1.684,1.574,4.741,0.002,0.002,0.001,39.688,44.087,58.191,4.091,4.931,7.79,4.026,4.7,9.304
RMSEBAMH0_20230216002023030300T.scan,5,120,2.907,2.772,1.917,2.785,1.91,1.705,5.152,0.002,0.002,0.001,42.752,49.901,69.706,4.443,5.702,9.545,4.365,5.434,11.061
RMSEBAMH0_20230216002023030300T.scan,6,144,3.229,3.155,2.146,3.127,2.136,1.923,5.294,0.002,0.002,0.001,43.755,53.5,76.294,4.857,6.209,10.563,4.732,5.915,12.064
RMSEBAMH0_20230216002023030300T.scan,7,168,3.48,3.472,2.307,3.43,2.291,1.983,5.636,0.002,0.002,0.001,45.716,56.581,82.001,5.077,6.4,11.044,5.036,6.64,12.677
RMSEBAMH0_20230216002023030300T.scan,8,192,3.751,3.762,2.507,3.697,2.494,1.969,5.875,0.002,0.002,0.001,47.576,61.293,86.869,5.287,6.841,12.237,5.266,7.197,13.108
RMSEBAMH0_20230216002023030300T.scan,9,216,3.747,3.819,2.665,3.776,2.642,2.101,6.209,0.003,0.002,0.001,51.434,69.577,98.142,5.33,7.294,13.115,5.232,7.108,12.812
RMSEBAMH0_20230216002023030300T.scan,10,240,3.853,3.966,2.616,3.92,2.591,2.038,6.032,0.003,0.003,0.001,50.745,70.386,99.499,5.293,7.412,13.538,5.219,7.197,13.725
RMSEBAMH0_20230216002023030300T.scan,11,264,3.87,4.046,2.699,3.998,2.677,2.072,5.554,0.003,0.003,0.001,47.08,67.622,97.19,5.156,7.371,13.734,5.18,6.809,13.137
ACORBAMH0_20230216002023030300T.scan,0,0,1.0,1.0,1.0,1.0,1.0,1.0,1.0,1.0,1.0,1.0,1.0,1.0,1.0,1.0,1.0,1.0,1.0,1.0,1.0
ACORBAMH0_20230216002023030300T.scan,1,24,0.982,0.983,0.989,0.978,0.988,0.972,0.999,0.965,0.973,0.959,0.836,0.961,0.986,0.955,0.978,0.972,0.916,0.923,0.943
ACORBAMH0_20230216002023030300T.scan,2,48,0.964,0.963,0.978,0.955,0.977,0.957,0.999,0.925,0.935,0.897,0.813,0.955,0.982,0.909,0.958,0.941,0.804,0.838,0.875
ACORBAMH0_20230216002023030300T.scan,3,72,0.955,0.952,0.963,0.942,0.961,0.938,0.999,0.895,0.9,0.839,0.796,0.946,0.975,0.885,0.938,0.913,0.736,0.741,0.784
ACORBAMH0_20230216002023030300T.scan,4,96,0.94,0.934,0.936,0.922,0.934,0.914,0.999,0.862,0.866,0.803,0.76,0.93,0.959,0.878,0.916,0.876,0.611,0.551,0.587
ACORBAMH0_20230216002023030300T.scan,5,120,0.922,0.912,0.917,0.899,0.914,0.898,0.998,0.833,0.833,0.761,0.721,0.914,0.942,0.859,0.891,0.819,0.525,0.367,0.351
ACORBAMH0_20230216002023030300T.scan,6,144,0.901,0.88,0.892,0.866,0.888,0.874,0.998,0.809,0.81,0.732,0.692,0.898,0.929,0.818,0.87,0.775,0.434,0.282,0.222
ACORBAMH0_20230216002023030300T.scan,7,168,0.887,0.857,0.878,0.843,0.874,0.869,0.997,0.8,0.792,0.705,0.657,0.884,0.916,0.794,0.864,0.755,0.348,0.142,0.177
ACORBAMH0_20230216002023030300T.scan,8,192,0.87,0.838,0.859,0.824,0.855,0.879,0.997,0.79,0.783,0.679,0.608,0.866,0.909,0.774,0.852,0.708,0.332,0.06,0.092
ACORBAMH0_20230216002023030300T.scan,9,216,0.881,0.847,0.851,0.83,0.847,0.862,0.997,0.782,0.783,0.661,0.563,0.856,0.898,0.767,0.843,0.692,0.352,0.097,0.135
ACORBAMH0_20230216002023030300T.scan,10,240,0.869,0.828,0.847,0.81,0.843,0.864,0.997,0.773,0.765,0.632,0.582,0.853,0.893,0.768,0.841,0.677,0.354,0.069,0.059
ACORBAMH0_20230216002023030300T.scan,11,264,0.86,0.811,0.837,0.792,0.832,0.851,0.998,0.758,0.764,0.613,0.619,0.85,0.889,0.771,0.826,0.659,0.349,0.117,0.144
VIESX666_20230216002023030300T.scan,0,0,0.0,0.0,0.0,0.0,0.0,0.0,0.0,0.0,0.0,0.0,0.0,0.0,0.0,0.0,0.0,0.0,0.0,0.0,0.0
VIESX666_20230216002023030300T.scan,1,24,-0.009,-0.432,-0.368,-0.41,-0.372,0.181,-0.185,0.0,-0.0,0.0,-0.755,-6.524,-9.888,-0.147,0.014,0.052,0.033,0.123,0.243
VIESX666_20230216002023030300T.scan,2,48,-0.066,-0.552,-0.49,-0.512,-0.497,0.175,0.699,-0.0,-0.0,0.0,6.836,-1.735,-5.492,-0.451,-0.15,0.354,0.15,-0.066,0.246
VIESX666_20230216002023030300T.scan,3,72,-0.119,-0.596,-0.471,-0.55,-0.482,0.135,1.299,-0.0,-0.0,0.0,11.936,2.885,-0.571,-0.851,-0.45,0.663,0.031,-0.363,0.082
VIESX666_20230216002023030300T.scan,4,96,-0.13,-0.574,-0.496,-0.524,-0.512,0.03,1.823,-0.0,-0.0,0.0,16.502,7.058,2.717,-1.115,-0.932,0.693,-0.203,-0.56,-0.348
VIESX666_20230216002023030300T.scan,5,120,-0.068,-0.483,-0.564,-0.423,-0.58,-0.067,2.037,-0.0,-0.0,0.0,18.657,8.482,2.253,-1.35,-1.217,1.123,-0.218,-0.487,-0.361
VIESX666_20230216002023030300T.scan,6,144,-0.06,-0.447,-0.717,-0.387,-0.731,-0.17,1.813,-0.0,-0.0,0.0,16.785,5.351,-3.463,-1.143,-1.265,1.729,-0.24,-0.306,-0.252
VIESX666_20230216002023030300T.scan,7,168,-0.08,-0.45,-0.643,-0.387,-0.657,-0.208,1.361,-0.0,-0.0,0.0,12.689,2.009,-5.582,-0.948,-1.368,1.8,-0.371,-0.246,-0.131
VIESX666_20230216002023030300T.scan,8,192,-0.021,-0.428,-0.73,-0.371,-0.739,-0.208,1.152,-0.0,-0.0,0.0,10.973,-0.225,-9.374,-0.967,-1.835,1.491,-0.199,-0.261,-0.562
VIESX666_20230216002023030300T.scan,9,216,-0.132,-0.521,-0.808,-0.457,-0.816,-0.255,1.754,-0.0,-0.0,0.0,15.93,3.848,-6.937,-0.865,-1.909,1.771,-0.184,-0.29,-0.158
VIESX666_20230216002023030300T.scan,10,240,-0.234,-0.59,-0.781,-0.52,-0.793,-0.271,1.891,-0.0,-0.0,0.0,16.678,4.158,-6.175,-1.007,-1.732,1.989,-0.189,-0.334,-0.435
VIESX666_20230216002023030300T.scan,11,264,-0.296,-0.711,-0.878,-0.646,-0.886,-0.263,1.547,-0.0,-0.0,0.0,13.404,-0.858,-13.254,-0.761,-1.312,2.553,-0.188,-0.417,-0.57
RMSEX666_20230216002023030300T.scan,0,0,0.0,0.0,0.0,0.0,0.0,0.0,0.0,0.0,0.0,0.0,0.0,0.0,0.0,0.0,0.0,0.0,0.0,0.0,0.0
RMSEX666_20230216002023030300T.scan,1,24,1.828,1.585,0.871,1.653,0.886,0.779,1.319,0.002,0.001,0.001,10.861,10.804,15.58,2.923,2.466,3.619,2.561,2.415,3.659
RMSEX666_20230216002023030300T.scan,2,48,2.108,1.909,1.126,1.972,1.139,1.069,1.866,0.002,0.002,0.001,15.59,12.557,18.561,3.572,3.23,5.08,3.049,2.928,4.961
RMSEX666_20230216002023030300T.scan,3,72,2.28,2.104,1.309,2.17,1.322,1.236,2.552,0.002,0.002,0.001,20.842,17.954,25.735,3.966,4.024,6.031,3.443,3.61,6.387
RMSEX666_20230216002023030300T.scan,4,96,2.434,2.273,1.499,2.339,1.51,1.37,3.149,0.002,0.002,0.001,25.687,24.912,34.582,4.12,4.597,6.67,3.731,4.343,7.398
RMSEX666_20230216002023030300T.scan,5,120,2.618,2.472,1.666,2.542,1.678,1.357,3.38,0.002,0.002,0.001,27.902,27.228,40.136,4.348,5.129,7.79,3.93,4.65,8.088
RMSEX666_20230216002023030300T.scan,6,144,2.909,2.814,2.027,2.872,2.034,1.479,3.581,0.002,0.003,0.001,29.06,32.263,51.942,4.444,5.814,8.997,4.25,5.185,9.496
RMSEX666_20230216002023030300T.scan,7,168,3.113,3.058,2.194,3.097,2.194,1.677,3.771,0.002,0.003,0.001,30.269,39.739,64.141,4.655,6.354,10.064,4.568,6.105,11.358
RMSEX666_20230216002023030300T.scan,8,192,3.307,3.325,2.546,3.329,2.535,1.765,4.323,0.003,0.003,0.001,34.83,48.828,79.467,4.947,6.949,11.341,5.014,6.8,13.029
RMSEX666_20230216002023030300T.scan,9,216,3.358,3.444,2.443,3.442,2.438,1.876,4.945,0.002,0.003,0.001,40.167,52.161,78.494,5.064,7.183,11.952,4.87,6.648,12.366
RMSEX666_20230216002023030300T.scan,10,240,3.634,3.737,2.698,3.707,2.686,1.955,5.506,0.002,0.003,0.001,43.649,55.767,85.568,5.202,7.688,13.148,5.432,7.149,12.988
RMSEX666_20230216002023030300T.scan,11,264,3.842,4.068,2.884,4.015,2.869,2.084,5.177,0.003,0.003,0.001,40.852,59.484,90.549,5.324,8.229,14.36,5.441,7.314,13.496
ACORX666_20230216002023030300T.scan,0,0,1.0,1.0,1.0,1.0,1.0,1.0,1.0,1.0,1.0,1.0,1.0,1.0,1.0,1.0,1.0,1.0,1.0,1.0,1.0
ACORX666_20230216002023030300T.scan,1,24,0.961,0.968,0.986,0.958,0.985,0.977,1.0,0.924,0.932,0.912,0.975,0.998,0.998,0.921,0.972,0.971,0.856,0.909,0.948
ACORX666_20230216002023030300T.scan,2,48,0.948,0.956,0.976,0.944,0.974,0.955,1.0,0.895,0.897,0.861,0.961,0.995,0.996,0.896,0.956,0.945,0.779,0.846,0.89
ACORX666_20230216002023030300T.scan,3,72,0.937,0.945,0.964,0.931,0.961,0.943,0.999,0.871,0.866,0.824,0.934,0.989,0.992,0.883,0.938,0.922,0.704,0.752,0.817
ACORX666_20230216002023030300T.scan,4,96,0.927,0.932,0.949,0.916,0.946,0.926,0.999,0.843,0.833,0.781,0.913,0.981,0.986,0.878,0.926,0.905,0.639,0.631,0.74
ACORX666_20230216002023030300T.scan,5,120,0.915,0.917,0.938,0.898,0.934,0.925,0.999,0.816,0.798,0.74,0.898,0.975,0.98,0.862,0.908,0.867,0.609,0.546,0.66
ACORX666_20230216002023030300T.scan,6,144,0.895,0.89,0.913,0.869,0.908,0.91,0.999,0.802,0.774,0.701,0.883,0.965,0.967,0.84,0.883,0.826,0.534,0.452,0.517
ACORX666_20230216002023030300T.scan,7,168,0.883,0.875,0.892,0.852,0.887,0.89,0.999,0.791,0.755,0.67,0.851,0.945,0.952,0.817,0.865,0.789,0.479,0.302,0.354
ACORX666_20230216002023030300T.scan,8,192,0.867,0.847,0.861,0.824,0.856,0.886,0.998,0.77,0.733,0.645,0.804,0.919,0.928,0.794,0.84,0.718,0.402,0.209,0.182
ACORX666_20230216002023030300T.scan,9,216,0.865,0.839,0.866,0.814,0.86,0.868,0.998,0.771,0.72,0.633,0.788,0.916,0.929,0.795,0.836,0.701,0.427,0.249,0.276
ACORX666_20230216002023030300T.scan,10,240,0.839,0.8,0.832,0.773,0.825,0.87,0.998,0.769,0.724,0.627,0.699,0.892,0.904,0.781,0.824,0.666,0.312,0.149,0.215
ACORX666_20230216002023030300T.scan,11,264,0.824,0.773,0.815,0.746,0.808,0.848,0.998,0.744,0.711,0.612,0.725,0.886,0.895,0.767,0.801,0.611,0.294,0.132,0.118
